-- ----------------------------
-- 插入学生（密码为明文 “123456” 的 SHA256 哈希）
-- ----------------------------
INSERT INTO `students` (`student_id`, `name`, `password_hash`, `major`, `grade`) VALUES
('2021001234', '张三', SHA2('123456', 256), '计算机科学与技术', '2021级'),
('2021005678', '李四', SHA2('123456', 256), '软件工程', '2021级'),
('2022009876', '王芳', SHA2('123456', 256), '数据科学与大数据技术', '2022级');

-- ----------------------------
-- 插入课程
-- ----------------------------
INSERT INTO `courses` (`course_id`, `course_name`, `credit`, `course_nature`) VALUES
('CS101', '程序设计基础', 3.5, '必修'),
('CS201', '数据结构', 4.0, '必修'),
('MA102', '高等数学A', 5.0, '必修'),
('EE205', '大学物理', 3.0, '必修'),
('PE001', '大学体育', 1.0, '必修'),
('GE009', '中华文化概论', 2.0, '选修');

-- ----------------------------
-- 插入成绩（张三）
-- ----------------------------
INSERT INTO `grades` (`student_id`, `course_id`, `academic_year`, `semester`, `score`, `status`) VALUES
('2021001234', 'CS101', '2024-2025', 'AUTUMN', 88.5, '正常'),
('2021001234', 'MA102', '2024-2025', 'AUTUMN', 72.0, '正常'),
('2021001234', 'PE001', '2024-2025', 'AUTUMN', 95.0, '正常'),
('2021001234', 'CS201', '2024-2025', 'SPRING', 78.0, '正常'),
('2021001234', 'EE205', '2024-2025', 'SPRING', 65.0, '正常'),
('2021001234', 'GE009', '2024-2025', 'SPRING', 85.0, '选修');

-- ----------------------------
-- 插入成绩（李四）
-- ----------------------------
INSERT INTO `grades` (`student_id`, `course_id`, `academic_year`, `semester`, `score`, `status`) VALUES
('2021005678', 'CS101', '2024-2025', 'AUTUMN', 92.0, '正常'),
('2021005678', 'MA102', '2024-2025', 'AUTUMN', 68.0, '正常'),
('2021005678', 'PE001', '2024-2025', 'AUTUMN', 88.0, '正常'),
('2021005678', 'CS201', '2024-2025', 'SPRING', 85.5, '正常'),
('2021005678', 'GE009', '2024-2025', 'SPRING', 78.5, '选修');

-- ----------------------------
-- 插入成绩（王芳 - 部分课程含补考标记）
-- ----------------------------
INSERT INTO `grades` (`student_id`, `course_id`, `academic_year`, `semester`, `score`, `status`) VALUES
('2022009876', 'CS101', '2025-2026', 'AUTUMN', 72.0, '正常'),
('2022009876', 'MA102', '2025-2026', 'AUTUMN', 55.0, '正常'),
('2022009876', 'MA102', '2025-2026', 'SPRING', 68.0, '补考'),
('2022009876', 'PE001', '2025-2026', 'AUTUMN', 90.0, '正常');